rownumber,idnumber,user,date,time,body,inreply,title,path
1,37613069,DrSpankel,2012-05-30,19:38,"God kväll!Kikar precis på CD projekts presskonferens där de just utannonserade Cyberpunk. (Baserat på papper & penna-rollspelet med samma namn). http://www.gog.com/news/see_our_summ...onference_liveDe har pulat med sitt nya IP ett tag nu och det kommer bli ett nytt rpg som utspelar sig i en högteknologisk & dystopisk framtid. (Blade Runner har nämnts flera gånger redan).Finns inga screens, videos eller trailers & Neogaf krashade - men det lär dyka upp lite mer kul info framöver.Det pratades mycket om stora företag som styr och mängder med vapen och utrustning att leka med samt att skriptet var vansinnigt långt redan. Men de ville samtidigt att folk hörde av sig om de trodde att de kunde hjälpa teamet med utvecklingen så det lär dröja ett tag.Vad tror  ni om det?Tänk er The Witcher 2 i Blade Runners värld. ",none,Cyberpunk [CD Projekts nya],"['Alla forum', 'Dator och IT', 'Dator- och konsolspel', 'Spel: allmänt']"
2,37617949,Forzo,2012-05-30,23:40,JA!!! Det finns alldeles för lite trevliga skitiga cyberpunkspel nuförtiden . Det här kommer bli riktigt bra!,none,Cyberpunk [CD Projekts nya],"['Alla forum', 'Dator och IT', 'Dator- och konsolspel', 'Spel: allmänt']"
3,37619312,vallontomten,2012-05-31,01:17,Verkar synnerligen intressant! Blir att spela papper och penna rollspelet innan så man får lära känna världen lite. ,none,Cyberpunk [CD Projekts nya],"['Alla forum', 'Dator och IT', 'Dator- och konsolspel', 'Spel: allmänt']"
4,37622190,Dumlehaket,2012-05-31,11:06,"Jag behövde bara läsa Blade Runner för att inges med de ljuvaste förhoppningar. Risken är väl dock stor att man blir hänvisad till att spela en förutbestämd karaktär, likt Geralt i The Witcher, vilket är en deal-breaker för mig när det gäller RPG. Detta till trots så låter spelet väldigt intressant och det blir nog till att hålla ögonen på det.",none,Cyberpunk [CD Projekts nya],"['Alla forum', 'Dator och IT', 'Dator- och konsolspel', 'Spel: allmänt']"
5,37630895,DrSpankel,2012-05-31,19:41,"Citat:Ursprungligen postat av DumlehaketJag behövde bara läsa Blade Runner för att inges med de ljuvaste förhoppningar. Risken är väl dock stor att man blir hänvisad till att spela en förutbestämd karaktär, likt Geralt i The Witcher, vilket är en deal-breaker för mig när det gäller RPG. Detta till trots så låter spelet väldigt intressant och det blir nog till att hålla ögonen på det.Det skulle finnas olika klasser så det verkar inte så.Video på presskonferensen:http://www.gametrailers.com/video/e3...berpunk/730681Citat:* Mature rpg for mature up audiences. Realistic and brutal, set in a rich futuristic world* Gripping non-linear story filled with life and detail* Advanced rpg mechanics based on pen&paper rpg system* Varied selection of different character classes* Gigantic arsenal of weapons, upgrades, implants and cool high-tech toys* Set new standard in the futuristic rpg genre with an exceptional gaming experience.Art work:http://www.abload.de/img/ig3yf4xgih6w87yuy0.png",Dumlehaket,Cyberpunk [CD Projekts nya],"['Alla forum', 'Dator och IT', 'Dator- och konsolspel', 'Spel: allmänt']"
6,37633546,Dumlehaket,2012-05-31,21:35,"Citat:Ursprungligen postat av DrSpankelDet skulle finnas olika klasser så det verkar inte så.Video på presskonferensen:http://www.gametrailers.com/video/e3...berpunk/730681Art work:http://www.abload.de/img/ig3yf4xgih6w87yuy0.png Huvaligen!Då har man en ny milsten att se fram emot i livet då.",DrSpankel,Cyberpunk [CD Projekts nya],"['Alla forum', 'Dator och IT', 'Dator- och konsolspel', 'Spel: allmänt']"
7,37646616,youkilledkenny,2012-06-01,17:23,Blade Runner RPG? SHUT UP AND TAKE MY MONEY!,none,Cyberpunk [CD Projekts nya],"['Alla forum', 'Dator och IT', 'Dator- och konsolspel', 'Spel: allmänt']"
8,37668936,IshethZenunim,2012-06-03,00:48,"Citat:Ursprungligen postat av DrSpankelDet skulle finnas olika klasser så det verkar inte så.Mums. Gillade aldrig riktigt Witcher-spelen just för att man skulle spela urtråkiga Geralt, jag vill ju liksom välja själv. Det här bådar gott, och som vanligt kommer jag ge CD Projekt mina surt förvärvade slantar när de släpper något nytt...",DrSpankel,Cyberpunk [CD Projekts nya],"['Alla forum', 'Dator och IT', 'Dator- och konsolspel', 'Spel: allmänt']"
9,41397815,spAix,2013-01-10,17:29,"Trailern ska tydligen komma ut idag enligt gamespy!http://pc.gamespy.com/pc/cd-projekt-...1227127p1.htmlSpännande!",none,Cyberpunk [CD Projekts nya],"['Alla forum', 'Dator och IT', 'Dator- och konsolspel', 'Spel: allmänt']"
10,41397926,Nemesis1,2013-01-10,17:35,v3rk4r bl1 3tt 1ntr3ss4nt sp3l,none,Cyberpunk [CD Projekts nya],"['Alla forum', 'Dator och IT', 'Dator- och konsolspel', 'Spel: allmänt']"
11,41404285,spAix,2013-01-10,22:01,https://www.youtube.com/watch?v=P99qJGrPNLs,none,Cyberpunk [CD Projekts nya],"['Alla forum', 'Dator och IT', 'Dator- och konsolspel', 'Spel: allmänt']"
12,41405425,Dumlehaket,2013-01-10,22:45,"Citat:Ursprungligen postat av spAixhttps://www.youtube.com/watch?v=P99qJGrPNLsSådär ska poliser agera! Jesus i helvete vad tufft det här ser ut att kunna bli, åtminstone till det yttre. ""You'll create your character from scratch"" låter lovande även om jag fortfarande räds lite att de tänker köra ""Commander Shepard""-modellen. Måste ju också vara ett oerhört ambitiöst projekt det här om de tänker hinna släppa ett annat ännu oannonserat RPG (W3?) innan. Kul att se ett etablerat företag satsa så hårt på helgjutna singleplayerspel. Hoppas inte CDP tagit sig vatten över huvudet bara.",spAix,Cyberpunk [CD Projekts nya],"['Alla forum', 'Dator och IT', 'Dator- och konsolspel', 'Spel: allmänt']"
13,41405873,spAix,2013-01-10,23:04,"Citat:Ursprungligen postat av DumlehaketSådär ska poliser agera! Jesus i helvete vad tufft det här ser ut att kunna bli, åtminstone till det yttre. ""You'll create your character from scratch"" låter lovande även om jag fortfarande räds lite att de tänker köra ""Commander Shepard""-modellen. Måste ju också vara ett oerhört ambitiöst projekt det här om de tänker hinna släppa ett annat ännu oannonserat RPG (W3?) innan. Kul att se ett etablerat företag satsa så hårt på helgjutna singleplayerspel. Hoppas inte CDP tagit sig vatten över huvudet bara.Oerhört mkt potential absolut! Jasså ett annat RPG innan? Har jag inte hört något om, lär väl dröja minst 1-1.5 år om inte mer innan de blir release för detta",Dumlehaket,Cyberpunk [CD Projekts nya],"['Alla forum', 'Dator och IT', 'Dator- och konsolspel', 'Spel: allmänt']"
14,41406111,spAix,2013-01-10,23:16,"Courtesy of this r/games thread, there's a secret message at 2:14.Transcribed (may contain minor errors):    Do you like our latest creation? We certainly hope so  Yo may remember that we sometimes send you guys secret messages like this. It's a great way for us to speak right to you instead of burying ourselves in corporate mumbo-jumbo so let's begin!    First of all - have you noticed all the details in our teaser (yes, it's a teaser. We'll make a proper trailer in the future)? If you know the Cyberpunk setting there are some things you can spot, like implants - look for the weapon hands and the real skin - corporate emblems that should look familiar and more. Happy hunting!    You're probably curious about the release date. It's currently scheduled a way off in 2015 but in truth the delivery date is more like ""when it's done"". We will release Cyberpunk to you when we're convinced it is nothing but pure, refined, unadulterated awesome. We want it to be the most kick ass futuristic RPG ever - OK, maybe this sounds pretty bully, but it is our actual goal! You judge if we deliver it!    Oh - and you may wonder why we announced our game so early before the release. The reason is that we're still building our dev team so if you are a talented dude or dudette willing to work in a really different company (gamers rule & boring corporate stuff drools!) on a super ambitious project, send us your application right now! careers@cdprojektred.com    So you want to know what kind of game Cyberpunk 2077 will be? The short description is that it will be a story-heavy, nonlinear, open world RPG based on the well known Cyberpunk pen&paper system and setting. Building open world games is something we are mastering right now and we believe that properly joining nonlinear gameplay with an excellent story telling will bring a totally new quality. Mmm... We'll tell some more about it soon!    And that's not all that's new. We are about the reveal our other project which is much closer to being completed and yes, it will also be a fully open-world game with an intense story. You can probably guess the game we're talking about :-) On the 5th of February it will all be clear.    So stay tuned as we will have quite a lot to show and tell you soon!    We are waiting for you on our newly created forum called Afterlife - what other name could we have chosen for it?    CD Projekt RED Team",none,Cyberpunk [CD Projekts nya],"['Alla forum', 'Dator och IT', 'Dator- och konsolspel', 'Spel: allmänt']"
15,41411114,Rokushiki,2013-01-11,10:24,"Helvete vad grymt det ser ut.  Ett cyberpunk/sci-fi spel från CD Projekt, kan inte bli mycket bättre. ",none,Cyberpunk [CD Projekts nya],"['Alla forum', 'Dator och IT', 'Dator- och konsolspel', 'Spel: allmänt']"
16,41430313,daaim,2013-01-12,10:34,"Sjukt snygg trailer, om bara det hade varit in-game! Vattnas i munnen.Det är kan bli goty. Längesen jag varit så sugen på ett spel. Det här och da 3.",none,Cyberpunk [CD Projekts nya],"['Alla forum', 'Dator och IT', 'Dator- och konsolspel', 'Spel: allmänt']"
17,41452101,proisme,2013-01-13,14:28,Grafiken från Cyberpunk trailern representerar vad CD Projekt  siktar på för själva spelet.,none,Cyberpunk [CD Projekts nya],"['Alla forum', 'Dator och IT', 'Dator- och konsolspel', 'Spel: allmänt']"
18,41452653,B-stand,2013-01-13,14:53,"Citat:Ursprungligen postat av proismeGrafiken från Cyberpunk trailern representerar vad CD Projekt  siktar på för själva spelet.Med tanke på att det kommer 2015 så här väl den grafiska utvecklingen tagit några skutt framåt.",proisme,Cyberpunk [CD Projekts nya],"['Alla forum', 'Dator och IT', 'Dator- och konsolspel', 'Spel: allmänt']"
19,41453580,Schnauzer,2013-01-13,15:35,"Ja jävlar, 2015... Fan vad jag gillar det här företaget, på alla möjliga tänkbara sätt. Ser fram emot Witcher 3 men det här låter väldigt spännande också.",none,Cyberpunk [CD Projekts nya],"['Alla forum', 'Dator och IT', 'Dator- och konsolspel', 'Spel: allmänt']"
20,41455311,spAix,2013-01-13,16:58,"Ny dator 2015, noted!",none,Cyberpunk [CD Projekts nya],"['Alla forum', 'Dator och IT', 'Dator- och konsolspel', 'Spel: allmänt']"
21,41463152,Tindle,2013-01-13,23:13,Alldeles för få spel som utspelar sig i en Blade Runner-aktig framtid. Ska bli riktigt kul att se vad Polackerna kokar ihop. ,none,Cyberpunk [CD Projekts nya],"['Alla forum', 'Dator och IT', 'Dator- och konsolspel', 'Spel: allmänt']"
22,41463515,proisme,2013-01-13,23:32,"Archive - Bullets http://www.youtube.com/watch?v=V6nbFZtxAL4 Cyberpunks personal responsibility ",none,Cyberpunk [CD Projekts nya],"['Alla forum', 'Dator och IT', 'Dator- och konsolspel', 'Spel: allmänt']"
23,41483316,proisme,2013-01-14,23:24,http://www.youtube.com/watch?feature...&v=sPZxkhLoukI,none,Cyberpunk [CD Projekts nya],"['Alla forum', 'Dator och IT', 'Dator- och konsolspel', 'Spel: allmänt']"
24,41563500,proisme,2013-01-19,11:21,Making of  Cyberpunk 2077http://www.cgmeetup.net/home/making-...latige-images/http://d8c58a3dcb0217428588-953976d4...punk-20771.jpg,none,Cyberpunk [CD Projekts nya],"['Alla forum', 'Dator och IT', 'Dator- och konsolspel', 'Spel: allmänt']"
25,41903041,tjosanitjompen,2013-02-07,18:58,"Fick denna länkad till mig, klockren  http://www.youtube.com/watch?v=v_sHKvlyHRg",none,Cyberpunk [CD Projekts nya],"['Alla forum', 'Dator och IT', 'Dator- och konsolspel', 'Spel: allmänt']"
26,41903813,Dumlehaket,2013-02-07,19:42,"Citat:Ursprungligen postat av tjosanitjompenFick denna länkad till mig, klockren  http://www.youtube.com/watch?v=v_sHKvlyHRgHa! Jag hann faktiskt bli lite rädd innan jag greppade. ",tjosanitjompen,Cyberpunk [CD Projekts nya],"['Alla forum', 'Dator och IT', 'Dator- och konsolspel', 'Spel: allmänt']"
27,55670092,PUSClFER,2015-12-10,00:14,"Dags att sparka lite liv i tråden, kanske?Två artiklar från GamesRadar och CGMagazine ger oss lite information gällande spelet och dess utveckling: http://www.gamesradar.com/witcher-3-...yberpunk-2077/http://www.cgmagonline.com/articles/...the-witcher-3/Kortfattad summering:Större delen av utvecklarlaget har övergått från The Witcher 3: Wild Hunt till att jobba på Cyberpunk 2077Spelet har varit i utveckling sedan det utannonserades 2012År 2015 och 2016 dedikeras till The Witcher 3: Wild Hunt. (Man kan därför förvänta sig att Cyberpunk 2077 släpps någongång under 2017)Man har redan satt ett internt släppdatum för Cyberpunk 2077, men väntar med att avtäcka något datum för allmänheten tills man är redo för att börja marknadsföra spelet, och för att inte stjäla någon uppmärksamhet från The Witcher 3 medan det fortfarande är aktuelltDet har även sagts att Cyberpunk 2077 kommer vara långt större än något som CD Projekt RED har jobbat på tidigare. (Källa) Huruvida man syftar på storlek, innehåll, komplexitet, eller förväntningar går däremot inte att svara på.",none,Cyberpunk [CD Projekts nya],"['Alla forum', 'Dator och IT', 'Dator- och konsolspel', 'Spel: allmänt']"
28,55675390,Fotzen,2015-12-10,17:10,Ser verkligen fram emot detta spel.,none,Cyberpunk [CD Projekts nya],"['Alla forum', 'Dator och IT', 'Dator- och konsolspel', 'Spel: allmänt']"
29,57947268,Ghost.B.C,2016-07-22,23:54,Borde förhoppningsvis börja hända något här snart. 2016? 2017? Kan vara det mest lovande spelet som är annonserat nu!,none,Cyberpunk [CD Projekts nya],"['Alla forum', 'Dator och IT', 'Dator- och konsolspel', 'Spel: allmänt']"
30,57980985,Djoonas,2016-07-26,14:23,"Citat: Ursprungligen postat av Ghost.B.CBorde förhoppningsvis börja hända något här snart. 2016? 2017? Kan vara det mest lovande spelet som är annonserat nu!Ja, med tanke på storslamen med The Witcher 3 bör de ha erfarenheten och resurserna till att göra ett sjukt grymt spel. Men det verkar som att vi får vänta ett långt tag, det lär inte komma ut under 2017. http://www.mobilenapps.com/articles/...rojekt-red.htm",Ghost.B.C,Cyberpunk [CD Projekts nya],"['Alla forum', 'Dator och IT', 'Dator- och konsolspel', 'Spel: allmänt']"
31,58406168,splitface,2016-09-07,09:40,"Citat: Ursprungligen postat av Ghost.B.CBorde förhoppningsvis börja hända något här snart. 2016? 2017? Kan vara det mest lovande spelet som är annonserat nu!Citat: Ursprungligen postat av DjoonasJa, med tanke på storslamen med The Witcher 3 bör de ha erfarenheten och resurserna till att göra ett sjukt grymt spel. Men det verkar som att vi får vänta ett långt tag, det lär inte komma ut under 2017. http://www.mobilenapps.com/articles/...rojekt-red.htmUtvecklingen lär ha tagit fart under slutfasen av W3 och med 4 år mellan deras spel minus vad jag tror är så gott som klar förproduktion med koncept och design klart så lär det hamna på 2018.Fast om det skulle gå snabbare så borde 6e oktober nästa år vara ett intressant släppdatum.",Ghost.B.C,Cyberpunk [CD Projekts nya],"['Alla forum', 'Dator och IT', 'Dator- och konsolspel', 'Spel: allmänt']"
32,60157688,Conditioned,2017-03-14,10:41,Det här ser jag fram emot. Kanske combaten är fixad.,none,Cyberpunk [CD Projekts nya],"['Alla forum', 'Dator och IT', 'Dator- och konsolspel', 'Spel: allmänt']"
33,63886957,WalterSullivan,2018-04-26,12:41,"Fick nyss reda på det här spelet och är riktigt hypad,  som stor Bladerunner fan så kan ju detta inte bli annat än fantastiskt när dessutom Cd Projekt gör spelet.https://www.youtube.com/watch?v=E1B6fRC1XKQ",none,Cyberpunk [CD Projekts nya],"['Alla forum', 'Dator och IT', 'Dator- och konsolspel', 'Spel: allmänt']"
34,63887709,Korder,2018-04-26,14:23,"Citat: Ursprungligen postat av WalterSullivanFick nyss reda på det här spelet och är riktigt hypad,  som stor Bladerunner fan så kan ju detta inte bli annat än fantastiskt när dessutom Cd Projekt gör spelet.https://www.youtube.com/watch?v=E1B6fRC1XKQNyss?! Damn, en annan har gått och väntat sedan spelet tillkännagavs 2012...",WalterSullivan,Cyberpunk [CD Projekts nya],"['Alla forum', 'Dator och IT', 'Dator- och konsolspel', 'Spel: allmänt']"
35,63889253,WalterSullivan,2018-04-26,17:26,"Citat: Ursprungligen postat av KorderNyss?! Damn, en annan har gått och väntat sedan spelet tillkännagavs 2012...Detta har lyckats helt flyga under radarn för mig.",Korder,Cyberpunk [CD Projekts nya],"['Alla forum', 'Dator och IT', 'Dator- och konsolspel', 'Spel: allmänt']"
36,63890101,rudolf8,2018-04-26,18:32,Ja detta ser man verkligen fram emot!,none,Cyberpunk [CD Projekts nya],"['Alla forum', 'Dator och IT', 'Dator- och konsolspel', 'Spel: allmänt']"
37,64303779,Andersdamaan,2018-06-11,01:06,Trevlig trailer:https://www.youtube.com/watch?v=Hicn0eQwYD4,none,Cyberpunk [CD Projekts nya],"['Alla forum', 'Dator och IT', 'Dator- och konsolspel', 'Spel: allmänt']"
38,64307620,NegroidMongoloid,2018-06-11,14:53,"Citat: Ursprungligen postat av AndersdamaanTrevlig trailer:https://www.youtube.com/watch?v=Hicn0eQwYD4Vad har hänt med all förorening / smog? night city beskrivs ju inte som något som ser ut sådär alls. trodde de skulle vara mer noga med att följa ursprungsmaterialet och faktiskt göra det skitigt och farligt, det där ser alldeles för mysigt och trevligt ut.. år 2077 bör det vara så mycket föroreningar att solstrålarna knappt tar sig igenom, speciellt om det beskrivs som illa år 2020..",Andersdamaan,Cyberpunk [CD Projekts nya],"['Alla forum', 'Dator och IT', 'Dator- och konsolspel', 'Spel: allmänt']"
39,64307684,Andersdamaan,2018-06-11,15:01,"Citat: Ursprungligen postat av NegroidMongoloidVad har hänt med all förorening / smog? night city beskrivs ju inte som något som ser ut sådär alls. trodde de skulle vara mer noga med att följa ursprungsmaterialet och faktiskt göra det skitigt och farligt, det där ser alldeles för mysigt och trevligt ut.. år 2077 bör det vara så mycket föroreningar att solstrålarna knappt tar sig igenom, speciellt om det beskrivs som illa år 2020..Känner inte till någonting tidigare alls om staden, men jag reagerade också på att det såg litet för välpolerat ut för att vara en cyberpunkdystopi.",NegroidMongoloid,Cyberpunk [CD Projekts nya],"['Alla forum', 'Dator och IT', 'Dator- och konsolspel', 'Spel: allmänt']"
40,64309316,WalterSullivan,2018-06-11,18:06,"Tyckte också det såg lite väl färgglatt ut fast det när nog på natten som staden kommer till sitt rätta element,  neon lampor och ljusrör på mörka gator ala Bladerunner.",none,Cyberpunk [CD Projekts nya],"['Alla forum', 'Dator och IT', 'Dator- och konsolspel', 'Spel: allmänt']"
41,64326630,mortuus82,2018-06-13,14:54,"Började 2012 och beräknas komma 2020?Helt sjukt vad långt kvar det är...",none,Cyberpunk [CD Projekts nya],"['Alla forum', 'Dator och IT', 'Dator- och konsolspel', 'Spel: allmänt']"
42,64333644,Ghost.B.C,2018-06-14,11:06,Många har blivit förvånade och en hel del till och med missnöjda i och med nyheten att spelet utspelar sig i first person istället för third person. Många förväntade sig nog ett sci-fi Witcher. Måste nog erkänna att jag också blev lite förvånad men samtidigt har jag så högt förtroende för CDPR att jag inte oroar mig det minsta. Vad tänker ni?,none,Cyberpunk [CD Projekts nya],"['Alla forum', 'Dator och IT', 'Dator- och konsolspel', 'Spel: allmänt']"
43,64333731,Ducey10,2018-06-14,11:17,"Citat: Ursprungligen postat av Ghost.B.CMånga har blivit förvånade och en hel del till och med missnöjda i och med nyheten att spelet utspelar sig i first person istället för third person. Många förväntade sig nog ett sci-fi Witcher. Måste nog erkänna att jag också blev lite förvånad men samtidigt har jag så högt förtroende för CDPR att jag inte oroar mig det minsta. Vad tänker ni?FPS före 3rd alla dagar i veckan.",Ghost.B.C,Cyberpunk [CD Projekts nya],"['Alla forum', 'Dator och IT', 'Dator- och konsolspel', 'Spel: allmänt']"
44,64333911,WalterSullivan,2018-06-14,11:38,"Citat: Ursprungligen postat av Ghost.B.CMånga har blivit förvånade och en hel del till och med missnöjda i och med nyheten att spelet utspelar sig i first person istället för third person. Många förväntade sig nog ett sci-fi Witcher. Måste nog erkänna att jag också blev lite förvånad men samtidigt har jag så högt förtroende för CDPR att jag inte oroar mig det minsta. Vad tänker ni?Jag älskar 3e person men tror nog att detta kan funka i FP faktiskt,  det här kommer bli ganska likt Deus Ex som är Scifi i first person fast större så klart och man är stort fan av Deus och Witcher så blir en liten hybrid av båda här kanske.",Ghost.B.C,Cyberpunk [CD Projekts nya],"['Alla forum', 'Dator och IT', 'Dator- och konsolspel', 'Spel: allmänt']"
45,64333965,shadow666,2018-06-14,11:46,"Helt sjukt att spelet utannonseras 2012 och kommer typ 2020... wtf?? Och för att tilllägga tror jag det kan bli FPS med third person som i deus ex när man tar skydd bakom ett hörn etc. Eller iaf att det är valbart hur man vill se det då. Dom snackade ju dock om att ""allt ska hända in the face"" därav FPS istället för third person.",none,Cyberpunk [CD Projekts nya],"['Alla forum', 'Dator och IT', 'Dator- och konsolspel', 'Spel: allmänt']"
46,64346404,Grodriddare,2018-06-15,17:11,Mycket trevligt att det är förstaperson. Det räcker med tredjepersonsactionshooters nu.,none,Cyberpunk [CD Projekts nya],"['Alla forum', 'Dator och IT', 'Dator- och konsolspel', 'Spel: allmänt']"
47,64346873,asdfghjklzxcvbnm,2018-06-15,17:56,Att det är first person har jag inget emot. Får lite deus ex vibbar av att höra det. First person. Futuristisk miljö. Vilket är ett favoritspel. Förstår faktiskt inte uppståndelsen kring det hela. Om det nu inte blir något fps i stil med typ COD men låter på cd project själva som att det är mer åt deus ex hållet när det kommer till sitt first person gameplay.,none,Cyberpunk [CD Projekts nya],"['Alla forum', 'Dator och IT', 'Dator- och konsolspel', 'Spel: allmänt']"
48,64347104,Grodriddare,2018-06-15,18:20,"Citat: Ursprungligen postat av asdfghjklzxcvbnmAtt det är first person har jag inget emot. Får lite deus ex vibbar av att höra det. First person. Futuristisk miljö. Vilket är ett favoritspel. Förstår faktiskt inte uppståndelsen kring det hela. Om det nu inte blir något fps i stil med typ COD men låter på cd project själva som att det är mer åt deus ex hållet när det kommer till sitt first person gameplay.Förstår inte det heller. Elder Scrolls och Fallout är i förstaperson och det klagar ingen på.",asdfghjklzxcvbnm,Cyberpunk [CD Projekts nya],"['Alla forum', 'Dator och IT', 'Dator- och konsolspel', 'Spel: allmänt']"
49,64347236,WalterSullivan,2018-06-15,18:32,"Citat: Ursprungligen postat av GrodriddareFörstår inte det heller. Elder Scrolls och Fallout är i förstaperson och det klagar ingen på.Nja man kan ju välja o lira de i 3e person vilket jag alltid gör.",Grodriddare,Cyberpunk [CD Projekts nya],"['Alla forum', 'Dator och IT', 'Dator- och konsolspel', 'Spel: allmänt']"
50,64349067,Grodriddare,2018-06-15,20:57,"Citat: Ursprungligen postat av WalterSullivanNja man kan ju välja o lira de i 3e person vilket jag alltid gör.Märkligt. Men antar att man komma kunna välja det till CP med.",WalterSullivan,Cyberpunk [CD Projekts nya],"['Alla forum', 'Dator och IT', 'Dator- och konsolspel', 'Spel: allmänt']"
51,64350004,Spurr,2018-06-15,22:04,"Citat: Ursprungligen postat av GrodriddareMärkligt. Men antar att man komma kunna välja det till CP med.Det är väl sagt att, utöver visa filmsekvenser, så är det enbart första person. Tror att folk stör sig på det för att Witcher var i tredje person och de vill ha mer av ""samma"".",Grodriddare,Cyberpunk [CD Projekts nya],"['Alla forum', 'Dator och IT', 'Dator- och konsolspel', 'Spel: allmänt']"
52,64350555,asdfghjklzxcvbnm,2018-06-15,22:51,"Citat: Ursprungligen postat av SpurrDet är väl sagt att, utöver visa filmsekvenser, så är det enbart första person. Tror att folk stör sig på det för att Witcher var i tredje person och de vill ha mer av ""samma"".Kanske det men känns korkat att vänta sig mer witcher. Cyberpunk är så långt borta från witcher serien. Tycker själv first person låter väntat, och kanske även mer anpassat i cyberpunk är third person. Men med det sagt har vi ju faktiskt inte fått se hur spelet ser ut så kan ju bara spekulera än så länge. Får se när vi får ta del av gameplay, som uppenbarligen finns tillgängligt men bara är reserverat för journalister så här långt.",Spurr,Cyberpunk [CD Projekts nya],"['Alla forum', 'Dator och IT', 'Dator- och konsolspel', 'Spel: allmänt']"
53,64355264,Medve,2018-06-16,14:37,Kommer man spela som en speciell person eller kan man skapa sin egna karaktär?,none,Cyberpunk [CD Projekts nya],"['Alla forum', 'Dator och IT', 'Dator- och konsolspel', 'Spel: allmänt']"
54,64361882,NontoxicPlaydoh,2018-06-17,07:32,"Citat: Ursprungligen postat av MedveKommer man spela som en speciell person eller kan man skapa sin egna karaktär?Din karaktär heter V. Du bestämmer själv om det ska vara en man eller en kvinna. Du kan även välja utseendet själv.Så... Både ja och nej.",Medve,Cyberpunk [CD Projekts nya],"['Alla forum', 'Dator och IT', 'Dator- och konsolspel', 'Spel: allmänt']"
55,64365407,kinky_M,2018-06-17,15:57,"Citat: Ursprungligen postat av NontoxicPlaydohDin karaktär heter V. Du bestämmer själv om det ska vara en man eller en kvinna. Du kan även välja utseendet själv.Så... Både ja och nej.Varför nej? Endast namnet som inte går att välja.https://www.fz.se/nyhet/276962-cyber...rst-person-rpg",NontoxicPlaydoh,Cyberpunk [CD Projekts nya],"['Alla forum', 'Dator och IT', 'Dator- och konsolspel', 'Spel: allmänt']"
56,64365907,Cygnus-X,2018-06-17,16:48,"Citat: Ursprungligen postat av NontoxicPlaydohDin karaktär heter V. Du bestämmer själv om det ska vara en man eller en kvinna. Du kan även välja utseendet själv.Så... Både ja och nej.Det är ett enkelt knep för att se till att karaktären kan tilltalas med namn. Samma i Mass Effect att karaktären får efternamnet Shepard oavsett. Jag är personligen för det. Sämsta som finns är tyst protagonist som inte tilltalas med namn.",NontoxicPlaydoh,Cyberpunk [CD Projekts nya],"['Alla forum', 'Dator och IT', 'Dator- och konsolspel', 'Spel: allmänt']"
57,64371643,spicyjaz,2018-06-18,03:31,"I remain skeptical over how good this game is going to be. Too many games in E3 get all hyped up, only to come out as stinking turds in the end.",none,Cyberpunk [CD Projekts nya],"['Alla forum', 'Dator och IT', 'Dator- och konsolspel', 'Spel: allmänt']"
58,64403609,NontoxicPlaydoh,2018-06-21,00:37,"Citat: Ursprungligen postat av kinky_MVarför nej? Endast namnet som inte går att välja.https://www.fz.se/nyhet/276962-cyber...rst-person-rpgHan frågade om man spelade en viss person eller om man gör en helt ny karaktär.Svaret är ju att man spelar en viss karaktär MEDAN man skapar utseendet själv. Så det är ju både och..  Jag var vara petig.Men som den andra än  citerade  mig, jag tycker att konceptet med ett bestämt namn är bra. Har hört att den kvinnliga voiceactor  skall vara jävligt grym.Skitbra  att det ska finnas bra med replaybility",kinky_M,Cyberpunk [CD Projekts nya],"['Alla forum', 'Dator och IT', 'Dator- och konsolspel', 'Spel: allmänt']"
59,64450237,Pure-Coincidence,2018-06-25,17:13,"Jag har sett att många har börjat gnälla över att det är first person only i spelet och det har även varit många som påpekat att det är ett design val och att det säkert blir bra osv som respons.Inte en enda person som jag kan se har påpekat att det skulle ta stora resurser för CD Project att skapa alla animationer för spelarkaraktären och allt som kommer med det om det även ska vara tredje person. Det är inte bara någon liten flärp man togglar i unreal engine utan det tar massivt med arbete för att få den spelbara karaktären att röra sig och integrera med spelvärlden och andra karaktärer på ett realistiskt vis. Är verkligen den stora majoriteten av spelare så extremt okunniga i hur spelutveckling går till?Hursomhelst så verkar spelet bli sket häftigt och jag är övertygad om att det kommer bli en intressant spelupplevelse när det släpps.",none,Cyberpunk [CD Projekts nya],"['Alla forum', 'Dator och IT', 'Dator- och konsolspel', 'Spel: allmänt']"
60,64527459,kandisweden,2018-07-03,01:57,"För er som verkligen vill höra nåt mer från det 50 min långa demot som visades bakom stängda dörrar på E3 för ett par veckor sedan så läckte en ljudinspelning ut i samband med visningen.OBS! Lyssna på egen risk för spoilersSpoilerhttps://anonfile.com/ha4bWeedbd/Cybe...on__Audio_.mp3",none,Cyberpunk [CD Projekts nya],"['Alla forum', 'Dator och IT', 'Dator- och konsolspel', 'Spel: allmänt']"
61,64595349,Nedtecknaren,2018-07-09,15:39,Har något sagts om character creation? Är den baserad på samma system som rollspelet? Någon som kan förklara hur RPGet skötte det i sådana fall?,none,Cyberpunk [CD Projekts nya],"['Alla forum', 'Dator och IT', 'Dator- och konsolspel', 'Spel: allmänt']"
62,65069446,splitface,2018-08-27,19:48,"Gameplay visas just nu på twitch, se från början här https://www.twitch.tv/videos/302423092?t=09h00m20sUngefär 45min.",none,Cyberpunk [CD Projekts nya],"['Alla forum', 'Dator och IT', 'Dator- och konsolspel', 'Spel: allmänt']"
63,65070133,guderi,2018-08-27,20:42,"Citat: Ursprungligen postat av splitfaceGameplay visas just nu på twitch, se från början här https://www.twitch.tv/videos/302423092?t=09h00m20sUngefär 45min.Wow!! Såg rätt nice ut måste jag säga. Hoppas att det även har en bra story, allt annat än i paritet med witcher 3 är ej godtagbart",splitface,Cyberpunk [CD Projekts nya],"['Alla forum', 'Dator och IT', 'Dator- och konsolspel', 'Spel: allmänt']"
64,65070752,Andersdamaan,2018-08-27,21:27,"Citat: Ursprungligen postat av splitfaceGameplay visas just nu på twitch, se från början här https://www.twitch.tv/videos/302423092?t=09h00m20sUngefär 45min.Såg riktigt läckert ut!",splitface,Cyberpunk [CD Projekts nya],"['Alla forum', 'Dator och IT', 'Dator- och konsolspel', 'Spel: allmänt']"
65,65072669,Spurr,2018-08-28,00:09,Är det bara jag som inte riktigt förstår varför alla som sett gameplay innan (olika journalister/youtubare) fått det att låta så himla otroligt. Det var inte alls DÅLIGT (tvärtom så lär jag säkerligen spela det när möjligheten kommer) men inget som gör det på något sätt otroligt. Jag undrar helt enkelt vad jag missar.,none,Cyberpunk [CD Projekts nya],"['Alla forum', 'Dator och IT', 'Dator- och konsolspel', 'Spel: allmänt']"
66,65073113,Wendigo,2018-08-28,01:29,"Trauma-teamet är mina favoriter hittills. Hur skönt vore det inte om ambulanserna funkade så när de rullade in i Rosengård eller Stensjön: ut med två tungt beväpnade vakter först som motar bort alls nyfikna, sen snabb stabilisering och inlastning. Klappat o klart!",none,Cyberpunk [CD Projekts nya],"['Alla forum', 'Dator och IT', 'Dator- och konsolspel', 'Spel: allmänt']"
67,65074206,asdfghjklzxcvbnm,2018-08-28,08:53,"Såg bra ut, men knappast någon sån WOW upplevelse av att se gameplayet. Har ju hypats ganska rejält. Men är ju bara ett litet klipp, och tidigt i utvecklingen än, lär väl vara 2 år kvar till release? Men visst ska detta följas.",none,Cyberpunk [CD Projekts nya],"['Alla forum', 'Dator och IT', 'Dator- och konsolspel', 'Spel: allmänt']"
68,65074216,JalleKalleBalle,2018-08-28,08:56,"Ser väl hyffsat ut, inget ""WOW"".",none,Cyberpunk [CD Projekts nya],"['Alla forum', 'Dator och IT', 'Dator- och konsolspel', 'Spel: allmänt']"
69,65074415,Ralle_,2018-08-28,09:29,"Jag fick den WOW-känslan, men inte av hur spelet såg ut grafikmässigt utan allt annat, hur man går runt i staden, hacking, olika val med konsekvenser och hela RPG-delen av spelet. Och tror att det kommer se ganska så annorlunda ut när det väl kommer till kritan och dags för release. Förra veckan under Gamescom annonserade CD Projekt att spelet precis blivit spelbart från start till slut internt på studion så men det i åtanke så lär det nog som sagt dröja innan vi börjar komma nära en release. Har varit lite tillbakadragen när det gäller hypen kring detta då det kändes som att det lika gärna hade kunnat gå No Man's Sky-vägen. Det som höll mig kvar utan att ens få se nått speciellt var faktum att det är CD Projekt som gör det, men har velat se gameplay innan jag bildade mig uppfattning helt såklart, men efter gårdagens gameplay-reveal känner jag mig ganska säker på att det kan bli riktigt jävla bra.",none,Cyberpunk [CD Projekts nya],"['Alla forum', 'Dator och IT', 'Dator- och konsolspel', 'Spel: allmänt']"
70,65090941,Ghost.B.C,2018-08-29,22:32,"Citat: Ursprungligen postat av SpurrÄr det bara jag som inte riktigt förstår varför alla som sett gameplay innan (olika journalister/youtubare) fått det att låta så himla otroligt. Det var inte alls DÅLIGT (tvärtom så lär jag säkerligen spela det när möjligheten kommer) men inget som gör det på något sätt otroligt. Jag undrar helt enkelt vad jag missar.Ska inte försöka övertyga dig eller så men jag tycker ändå att det känns väldigt wow. Otrolig detaljrikedom, läcker grafik och design, massa olika valmöjligheter hur du tacklar dina uppgifter och hur det senare formar storyn. Samt att de har gjort de smått fantastiska Witcher 2 och Wild Hunt. Finns nog ingen spelstudio jag respekterar mer än CD Projekt Red. Visst, Rockstar Games ligger bra till också men de känns opersonliga och jag är helt ointresserad av deras multiplayer-skit.",Spurr,Cyberpunk [CD Projekts nya],"['Alla forum', 'Dator och IT', 'Dator- och konsolspel', 'Spel: allmänt']"
71,65092963,impasto,2018-08-30,06:15,Fick nästan en tår i ögat av detta. Känns riktigt läckert och lovande!,none,Cyberpunk [CD Projekts nya],"['Alla forum', 'Dator och IT', 'Dator- och konsolspel', 'Spel: allmänt']"
72,65115778,WalterSullivan,2018-09-01,13:57,"Jag fick Wow känsla av världen och alla detaljer,  sen alla val och dess konsekvenser.    Gameplayet var väl som Deus Ex fast mer avancerat,   blir en grym shooter om inte annat.Fyfan vad jag ska gå runt o njuta av världen,   varje rum kommer ta 5 minuter att bara analysera haha.",none,Cyberpunk [CD Projekts nya],"['Alla forum', 'Dator och IT', 'Dator- och konsolspel', 'Spel: allmänt']"
73,65861050,Andersdamaan,2018-11-17,14:22,En ny sammanfattning:https://www.youtube.com/watch?v=cjxypZBe2oc,none,Cyberpunk [CD Projekts nya],"['Alla forum', 'Dator och IT', 'Dator- och konsolspel', 'Spel: allmänt']"
74,66112335,Jonipoon,2018-12-13,20:46,Det här kan bli ett av tidernas bästa spel. Jag fullkomligt älskar single player-spel där man själv får skapa sin egna karaktär. Jag hatar online-spel.,none,Cyberpunk [CD Projekts nya],"['Alla forum', 'Dator och IT', 'Dator- och konsolspel', 'Spel: allmänt']"
75,66116752,guderi,2018-12-14,10:25,"Citat: Ursprungligen postat av JonipoonDet här kan bli ett av tidernas bästa spel. Jag fullkomligt älskar single player-spel där man själv får skapa sin egna karaktär. Jag hatar online-spel.Ja förväntningarna är helt klart höga, kan inte annat än att hålla med om singelplayer delen.",Jonipoon,Cyberpunk [CD Projekts nya],"['Alla forum', 'Dator och IT', 'Dator- och konsolspel', 'Spel: allmänt']"
76,66117100,Jonipoon,2018-12-14,11:11,"Citat: Ursprungligen postat av guderiJa förväntningarna är helt klart höga, kan inte annat än att hålla med om singelplayer delen.Definitivt. Jag kan visserligen förstå varför online-spel är populära, det är ju faktiskt en form av social plattform där du träffar folk, plus att man får utlopp för sin tävlingsinstinkt när man vinner och förlorar mot riktiga personer. Men just därför känns det mer som en sport, och jag som inte är sportintresserad känner därför ingenting för online-spel.Däremot i ett singleplayer-spel så djupdyker man ju in i en fiktiv värld som slukar upp hela ens egna verklighet, och man kan utforska historien i lugn och ro utan att någon stör. Det blir mer som en verklighetsflykt, som sagt.",guderi,Cyberpunk [CD Projekts nya],"['Alla forum', 'Dator och IT', 'Dator- och konsolspel', 'Spel: allmänt']"
77,66233044,[complex],2018-12-26,10:05,"Citat: Ursprungligen postat av JonipoonDet här kan bli ett av tidernas bästa spel. Jag fullkomligt älskar single player-spel där man själv får skapa sin egna karaktär. Jag hatar online-spel.Yes! Det kommer bli grymt!Jag tycker om både online och offline spel dock. Blir bra multiplayer med gissar jag på.Men single-player spel är nice. Det är inte så lång väntan kvar nu!  Ett år kvar bara kanske, men jag försöker leva i nuet. Ändå taggad.",Jonipoon,Cyberpunk [CD Projekts nya],"['Alla forum', 'Dator och IT', 'Dator- och konsolspel', 'Spel: allmänt']"
